,ID_MN_RESI
SAO PAULO,127
RIO DE JANEIRO,38
RECIFE,33
FORTALEZA,22
SALVADOR,16
BELO HORIZONTE,15
CURITIBA,15
MANAUS,15
GUARULHOS,13
JOAO PESSOA,11
BELEM,11
OSASCO,10
TERESINA,9
PORTO ALEGRE,9
SAO LUIS,8
LONDRINA,7
CAMPO GRANDE,7
SAO BERNARDO DO CAMPO,7
NATAL,7
CAMPINAS,7
SANTOS,7
GOIANIA,6
NOVA IGUACU,6
MACEIO,6
CARAPICUIBA,5
TERESOPOLIS,5
SANTO ANDRE,5
CONTAGEM,5
TABOAO DA SERRA,5
UBERLANDIA,5
BARUERI,5
LEME,4
DOURADOS,4
BETIM,4
RECANTO DAS EMAS,4
TAGUATINGA,4
MARINGA,4
PLANALTINA,4
DIADEMA,4
CIDADE OCIDENTAL,4
MOGI DAS CRUZES,4
ITAQUAQUECETUBA,4
CABO DE SANTO AGOSTINHO,4
SAO JOSE DOS CAMPOS,3
SANTA LUZIA,3
CUIABA,3
CAMPO LARGO,3
CANOAS,3
SAO CAETANO DO SUL,3
VOLTA REDONDA,3
QUEIMADOS,3
SUMARE,3
ANGRA DOS REIS,3
ITAPEVI,3
BOA VISTA,3
PRIMAVERA DO LESTE,3
SOBRAL,3
MONTES CLAROS,3
RIO BRANCO,3
NITEROI,3
COLOMBO,3
CAMPINA GRANDE,3
ARACRUZ,3
PORTO VELHO,3
CACHOEIRINHA,3
JAU,3
CAXIAS DO SUL,3
CEILANDIA,3
VILA VELHA,3
SAO JOSE DO RIO PRETO,3
RIBEIRAO DAS NEVES,2
NOSSA SENHORA DO SOCORRO,2
MATINHOS,2
SARANDI,2
SAO ROQUE,2
CARUARU,2
POA,2
PALMARES,2
ARACAJU,2
ANANINDEUA,2
PARAGOMINAS,2
FRANCA,2
SANTA BARBARA D'OESTE,2
VITORIA,2
FRUTAL,2
PASSO FUNDO,2
PONTAL,2
ITABUNA,2
SOROCABA,2
BAYEUX,2
VARZEA GRANDE,2
CAMARAGIBE,2
JENIPAPO DOS VIEIRAS,2
OLINDA,2
CORUMBA,2
ARARUNA,2
RIBEIRAO PRETO,2
QUIXERAMOBIM,2
MARACANAU,2
NOVO HAMBURGO,2
PACATUBA,2
PETROLINA,2
LUCAS DO RIO VERDE,2
PALMEIRA DOS INDIOS,2
VICENTE PIRES,2
SANTANA DE PARNAIBA,2
ITAPEMA,2
ROLANDIA,2
PINHAIS,2
PALMAS,2
TANGARA DA SERRA,2
SINOP,2
ITAPECERICA DA SERRA,2
JABOATAO DOS GUARARAPES,2
COTIA,2
CAJAMAR,2
SAO VICENTE,2
ACU,2
VALINHOS,2
SUZANO,2
PIRACICABA,2
JUIZ DE FORA,2
ARARAQUARA,2
SERRA,2
ITAPERUCU,1
SAO JOAO BATISTA,1
PLANALTO,1
ARAPIRACA,1
IPIXUNA DO PARA,1
COSTA RICA,1
CAFELANDIA,1
MINEIROS,1
SANTANA,1
TIMOTEO,1
CANDEIAS,1
MANACAPURU,1
MARILIA,1
MANGARATIBA,1
JI-PARANA,1
CAMPOS DOS GOYTACAZES,1
MADRE DE DEUS,1
LUZIANIA,1
TUPA,1
JAPOATA,1
ORIXIMINA,1
BOCA DA MATA,1
BARRA DE SANTANA,1
PAULISTA,1
CAMBUCI,1
CRUZ ALTA,1
CAICARA,1
SACRAMENTO,1
SERRA DO RAMALHO,1
QUIXADA,1
FAZENDA RIO GRANDE,1
PINDOBACU,1
ARACATUBA,1
EXTREMOZ,1
MAMANGUAPE,1
GAMA,1
CATALAO,1
LIMEIRA DO OESTE,1
NINHEIRA,1
JAPERI,1
JURUENA,1
MATRIZ DE CAMARAGIBE,1
SAO PEDRO,1
CATENDE,1
TOME-ACU,1
NOVA RUSSAS,1
PATROCINIO,1
SCIA-ESTRUTURAL,1
PIQUETE,1
INDAIABIRA,1
VILHENA,1
SANTO ANTONIO DE GOIAS,1
TRAMANDAI,1
SAO MIGUEL DO ARAGUAIA,1
SANTA MARIA,1
CONSELHEIRO LAFAIETE,1
ITUIUTABA,1
RIBEIRAO PIRES,1
CARIACICA,1
GUARA,1
VIAMAO,1
BAIA DA TRAICAO,1
ARCOVERDE,1
FOZ DO IGUACU,1
CORREGO FUNDO,1
NILOPOLIS,1
JUNDIAI,1
PEDRA AZUL,1
BERTIOGA,1
PEDRA BRANCA,1
SCHROEDER,1
TAUBATE,1
AGUAS CLARAS,1
NOVO GAMA,1
AGUAS LINDAS DE GOIAS,1
MONTE SANTO DE MINAS,1
SANTA LUCIA,1
ALENQUER,1
NAVIRAI,1
SANTA MARIANA,1
RUY BARBOSA,1
SALTO DE PIRAPORA,1
BARRETOS,1
IPIXUNA,1
NOVA OLIMPIA,1
PATOS,1
RIO BONITO,1
PEDREIRA,1
ARAGUAINA,1
FORQUILHINHA,1
ANANAS,1
ITAJUBA,1
UBERABA,1
MOJI MIRIM,1
CHAPADINHA,1
EMBU-GUACU,1
PORTO DA FOLHA,1
JACAREI,1
ITAITUBA,1
SOURE,1
CRISTALINA,1
PORECATU,1
SENADOR CANEDO,1
ERECHIM,1
VIANA,1
ANAPOLIS,1
SAMAMBAIA,1
SAO MARCOS,1
CARMO,1
CAREIRO,1
FLORIANOPOLIS,1
ESMERALDAS,1
BARRA DO GARCAS,1
CATANDUVA,1
MAUA,1
CACERES,1
CASCAVEL,1
CAMPOS NOVOS,1
CAMOCIM,1
ILHEUS,1
BATATAIS,1
SAO GONCALO DO AMARANTE,1
MAIRIPORA,1
LORENA,1
ALUMINIO,1
INDAIATUBA,1
SANTO ANGELO,1
GUAPIMIRIM,1
NOVA FRIBURGO,1
CATANDUVAS,1
FONTE BOA,1
CORREIA PINTO,1
EUNAPOLIS,1
TRES PASSOS,1
AMARAJI,1
MARILENA,1
OLIMPIO NORONHA,1
SAO PAULO DE OLIVENCA,1
SAO JOAQUIM DE BICAS,1
CAMBORIU,1
MORRO DA FUMACA,1
MAURITI,1
RIO BRANCO DO SUL,1
PEIXOTO DE AZEVEDO,1
PENTECOSTE,1
CAMPO BOM,1
SANTA CRUZ DA BAIXA VERDE,1
COXIM,1
SERTANOPOLIS,1
ALFENAS,1
SAPEZAL,1
SANTANA DO GARAMBEU,1
SABARA,1
MARIALVA,1
SAO CRISTOVAO,1
IBITINGA,1
SORRISO,1
CACHOEIRA PAULISTA,1
MACHADOS,1
SAO DOMINGOS DO SUL,1
OURO PRETO,1
XANXERE,1
SAQUAREMA,1
TEFE,1
ARCOS,1
CACAPAVA,1
CABECEIRAS DO PIAUI,1
CASTELO DO PIAUI,1
ARARIPE,1
MONTEIRO,1
CONFRESA,1
PRESIDENTE PRUDENTE,1
CATUIPE,1
GUARANIACU,1
VESPASIANO,1
COSMOPOLIS,1
CAMPO ALEGRE,1
PALESTINA DO PARA,1
IGARACU DO TIETE,1
FERRAZ DE VASCONCELOS,1
GUARIBA,1
PEABIRU,1
ITANHAEM,1
BATAYPORA,1
IBATEGUARA,1
VARGEM ALTA,1
MARCELANDIA,1
UNIAO DOS PALMARES,1
ITUPIRANGA,1
CAMPO MOURAO,1
SERRA TALHADA,1
QUINTANA,1
LADARIO,1
BAURU,1
CAUCAIA,1
MINISTRO ANDREAZZA,1
ITABERAI,1
PARANACITY,1
IGUARACI,1
ITAGUAI,1
AGUAS DE LINDOIA,1
SAO JOAO DEL REI,1
POCAO,1
CABROBO,1
BOTUCATU,1
FEIRA DE SANTANA,1
BLUMENAU,1
JOAO PINHEIRO,1
PINDAMONHANGABA,1
TORRES,1
SOBRADINHO,1
SAO SEBASTIAO DA VARGEM ALEGRE,1
TEOFILO OTONI,1
GOIATUBA,1
PARAUAPEBAS,1
CAETE,1
RIACHO FUNDO,1
CAJATI,1
CONCORDIA DO PARA,1
MORADA NOVA,1
CRICIUMA,1
CONCEICAO DO MATO DENTRO,1
JARAGUA DO SUL,1
FARIAS BRITO,1
ACARAU,1
AUTAZES,1
PARIQUERA-ACU,1
MACAMBIRA,1
APERIBE,1
SANTA TEREZA DO OESTE,1
SANTIAGO,1
MACAE,1
IGUAPE,1
BARBACENA,1
ARAGUANA,1
NOVA LIMA,1
QUATRO BARRAS,1
PACO DO LUMIAR,1
GUAIRA,1
HUMAITA,1
UAUA,1
OURINHOS,1
PARDINHO,1
ITAPETININGA,1
IPATINGA,1
TRINDADE,1
MACAPA,1
GOVERNADOR VALADARES,1
ITAPIRA,1
IPABA,1
CAMPO LIMPO PAULISTA,1
BELO ORIENTE,1
APARECIDA DE GOIANIA,1
BENEVIDES,1
JUAREZ TAVORA,1
PORTO FELIZ,1
ABADIANIA,1
MONTALVANIA,1
MARICA,1
IMPERATRIZ,1
JURUTI,1
ALMIRANTE TAMANDARE,1
ITATIAIA,1
BOM JARDIM,1
RIO DO SUL,1
FRANCISCO MORATO,1
LAGOA DO ITAENGA,1
SAO BENTO ABADE,1
DUQUE DE CAXIAS,1
GUAPIACU,1
PRESIDENTE BERNARDES,1
SALVATERRA,1
EMBU DAS ARTES,1
CODO,1
SAO BENTO,1
SAO GONCALO,1
SANTA FE DO SUL,1
REGISTRO,1
ACARA,1
SAO LOURENCO,1
SANTA ISABEL,1
NAQUE,1
SANTA CRUZ DE MINAS,1
MOGI GUACU,1
CARDOSO,1
VAZANTE,1
BARRA BONITA,1
SALOA,1
MURIAE,1
LIMOEIRO,1
ESTANCIA,1
VARGINHA,1
BRASILIA,1
BALNEARIO CAMBORIU,1
BELFORD ROXO,1
ARUJA,1
SAO LOURENCO DA MATA,1
CHOROZINHO,1
SAO PEDRO DA ALDEIA,1
PARAIBA DO SUL,1
POUSO ALEGRE,1
SAO SIMAO,1
SAO MIGUEL DO TOCANTINS,1
ACOPIARA,1
ASSIS CHATEAUBRIAND,1
RIO DAS OSTRAS,1
JUAZEIRO DO NORTE,1
FLORES DO PIAUI,1
ARARUAMA,1
CAIEIRAS,1
MOSSORO,1
CAMPO MAIOR,1
GUAREI,1
CUSTODIA,1
IGARASSU,1
DELMIRO GOUVEIA,1
